,City,Latitude,Longitude,Max Temperature,Humidity,Cloudiness,Wind Speed,Country,Date
0,Rikitea,-23.12,-134.97,292.5,65,0,7.84,PF,1595534095
1,Busselton,-33.65,115.33,279.82,74,0,1.81,AU,1595534096
2,San Quintín,30.48,-115.95,294.3,62,0,5.42,MX,1595534097
3,Comodoro Rivadavia,-45.87,-67.5,279.15,75,0,2.1,AR,1595534099
5,Atuona,-9.8,-139.03,299.08,76,0,8.4,PF,1595534101
6,Sechura,-5.56,-80.82,297.65,53,1,7.24,PE,1595534103
7,Deer Lake,49.17,-57.43,299.15,44,40,2.6,CA,1595534104
8,Wuwei,37.93,102.64,294.82,72,96,0.54,CN,1595534105
9,Klaksvík,62.23,-6.59,284.15,87,60,2.6,FO,1595534113
10,Airai,-8.93,125.41,284.43,73,34,1.24,TL,1595534115
11,Atar,20.52,-13.05,312.04,22,0,7.84,MR,1595534116
12,Carnarvon,-24.87,113.63,289.15,82,0,5.7,AU,1595534097
13,Itarema,-2.92,-39.92,300.56,67,72,8.26,BR,1595534119
14,Hithadhoo,-0.6,73.08,301.62,68,100,1.16,MV,1595534120
15,Ancud,-41.87,-73.82,281.15,61,0,3.1,CL,1595534122
16,Puerto Ayora,-0.74,-90.35,299.15,61,20,11.3,EC,1595534124
17,Ushuaia,-54.8,-68.3,278.15,60,75,3.1,AR,1595534128
18,Coxim,-18.51,-54.76,307.39,15,0,0.99,BR,1595534130
19,Ribeira Grande,38.52,-28.7,296.15,64,40,2.6,PT,1595534132
20,Nikolskoye,59.7,30.79,285.15,76,20,3.0,RU,1595534133
21,Abu Kamal,34.45,40.92,305.64,16,0,1.74,SY,1595534135
22,Lebu,-37.62,-73.65,282.12,62,52,2.16,CL,1595534136
23,Mataura,-46.19,168.86,277.04,83,68,1.34,NZ,1595534138
24,Punta Arenas,-53.15,-70.92,277.15,80,40,8.2,CL,1595533907
25,Hobart,-42.88,147.33,277.59,80,77,2.1,AU,1595534142
26,Yumen,40.28,97.2,297.2,36,100,0.99,CN,1595534047
27,Jijiang,29.29,106.25,302.59,77,92,2.01,CN,1595534145
28,Yantal',56.85,105.25,284.64,83,0,0.97,RU,1595534073
29,Saldanha,-33.01,17.94,288.15,72,0,0.5,ZA,1595534149
30,Bluff,-46.6,168.33,277.04,83,96,1.34,NZ,1595534150
31,Guerrero Negro,27.98,-114.06,296.79,54,3,6.36,MX,1595534152
32,Sisimiut,66.94,-53.67,284.97,69,55,3.36,GL,1595533910
33,Cape Town,-33.93,18.42,286.48,93,0,1.5,ZA,1595534115
34,Eyl,7.98,49.82,298.56,72,94,11.79,SO,1595534156
35,Peniche,39.36,-9.38,294.26,86,0,4.47,PT,1595534157
36,Yellowknife,62.46,-114.35,289.26,87,90,6.2,CA,1595534132
37,Albany,42.6,-73.97,302.04,66,83,2.68,US,1595534067
38,Butaritari,3.07,172.79,301.12,79,3,7.19,KI,1595534161
39,Yulara,-25.24,130.99,278.15,65,0,2.1,AU,1595534162
40,Barrow,71.29,-156.79,280.15,93,90,8.2,US,1595534163
41,Río Gallegos,-51.62,-69.22,273.15,92,100,3.6,AR,1595534165
42,Wasilla,61.58,-149.44,289.26,72,75,2.16,US,1595534166
43,Makakilo City,21.35,-158.09,301.15,61,1,3.1,US,1595534169
45,Cloquet,46.72,-92.46,296.48,53,40,2.94,US,1595533970
46,Chokurdakh,70.63,147.92,293.19,59,54,2.45,RU,1595534173
47,Pangnirtung,66.15,-65.71,284.15,81,90,5.1,CA,1595534031
48,Aitape,-3.14,142.35,298.27,83,13,1.89,PG,1595534176
49,Constitución,-35.33,-72.42,284.25,71,25,1.47,CL,1595534178
50,Caravelas,-17.71,-39.25,296.32,74,32,2.64,BR,1595534179
51,New Norfolk,-42.78,147.06,277.59,86,98,0.95,AU,1595534181
52,Boa Vista,2.82,-60.67,303.15,58,75,1.5,BR,1595534182
53,Esperance,-33.87,121.9,281.15,87,40,3.1,AU,1595534185
55,Xambioá,-6.41,-48.54,307.33,29,96,2.01,BR,1595534189
56,Thompson,55.74,-97.86,299.15,65,75,4.1,CA,1595534191
57,Tasiilaq,65.61,-37.64,278.15,80,75,4.1,GL,1595534192
58,Wadi Maliz,36.47,8.55,304.15,35,40,4.6,TN,1595534193
59,Cockburn Town,21.46,-71.14,301.57,77,99,9.19,TC,1595534195
60,Palmer,42.16,-72.33,303.15,83,75,1.5,US,1595533947
61,Sola,-13.88,167.55,299.77,84,64,9.73,VU,1595534197
62,Hilo,19.73,-155.09,298.15,73,90,4.6,US,1595534184
63,Severo-Kuril'sk,50.68,156.12,282.82,91,100,1.42,RU,1595534202
64,Níjar,36.97,-2.21,299.15,83,0,1.0,ES,1595534042
65,Namatanai,-3.67,152.43,299.44,81,57,2.76,PG,1595534205
66,Jamestown,42.1,-79.24,300.37,61,20,4.6,US,1595534208
67,Kaitangata,-46.28,169.85,276.48,78,95,2.24,NZ,1595534209
68,Esfarāyen,37.08,57.51,297.15,64,20,3.1,IR,1595534210
69,Oddur,4.12,43.89,295.75,64,99,10.47,SO,1595534214
70,Kapaa,22.08,-159.32,301.15,74,40,6.2,US,1595534215
71,Puerto Nariño,-3.77,-70.38,305.15,62,40,1.5,CO,1595534216
72,Safi,32.3,-9.24,296.12,81,0,6.84,MA,1595534018
73,Necochea,-38.55,-58.74,285.37,99,83,2.24,AR,1595534219
74,Hermanus,-34.42,19.23,287.59,85,0,0.89,ZA,1595534220
75,Xiongyue,40.18,122.12,293.96,78,96,4.4,CN,1595534222
76,Yenagoa,4.92,6.26,296.37,94,67,1.8,NG,1595534224
77,Egvekinot,66.32,-179.17,288.36,53,42,1.26,RU,1595534226
78,Sørland,67.67,12.69,283.15,93,75,7.7,NO,1595534227
79,Saint-Philippe,-21.36,55.77,292.15,68,40,8.7,RE,1595534228
80,Salta,-24.79,-65.41,283.15,71,1,2.6,AR,1595533953
81,Tuktoyaktuk,69.45,-133.04,286.15,58,75,7.2,CA,1595534232
82,Bathsheba,13.22,-59.52,304.15,58,40,7.2,BB,1595534233
83,Nicoya,10.15,-85.45,304.15,66,40,3.1,CR,1595534235
84,Verkhnevilyuysk,63.45,120.32,287.9,85,76,1.09,RU,1595534236
85,Salekhard,66.53,66.6,283.12,72,51,2.06,RU,1595534238
86,Olinda,-8.01,-34.86,300.15,69,40,6.2,BR,1595534241
88,Lüderitz,-26.65,15.16,294.15,37,0,1.0,NA,1595534245
89,Belen,36.49,36.22,301.15,69,0,9.3,TR,1595534247
90,Bilma,18.69,12.92,307.81,12,0,4.18,NE,1595534249
91,General Roca,-39.03,-67.58,278.15,80,75,4.1,AR,1595534251
92,Dikson,73.51,80.55,278.34,88,0,2.88,RU,1595534252
93,Acajutla,13.59,-89.83,303.15,62,20,1.0,SV,1595534009
94,Cidreira,-30.18,-50.21,292.3,74,100,5.03,BR,1595534255
95,Murashi,59.4,48.96,287.62,94,100,3.1,RU,1595534256
97,Cabo San Lucas,22.89,-109.91,305.15,62,5,5.1,MX,1595534130
98,Faanui,-16.48,-151.75,298.48,81,0,9.03,PF,1595534262
99,Mwinilunga,-11.74,24.43,286.62,43,0,2.39,ZM,1595534263
100,Saint-Augustin,51.23,-58.65,294.5,48,6,7.87,CA,1595534265
101,Kruisfontein,-34.0,24.73,287.6,40,0,1.71,ZA,1595533967
102,Olafsvik,64.89,-23.71,282.17,70,0,8.37,IS,1595533985
103,Bredasdorp,-34.53,20.04,285.15,93,0,1.0,ZA,1595534270
104,San Patricio,19.22,-104.7,302.15,83,75,3.1,MX,1595534272
105,Krasnosel'kup,65.7,82.47,282.07,73,12,6.13,RU,1595534036
106,Torbay,47.67,-52.73,297.04,49,75,7.2,CA,1595534153
107,Karpogory,64.0,44.45,289.29,93,100,3.65,RU,1595534277
108,Vinogradnyy,45.05,37.32,291.15,68,0,3.0,RU,1595534279
109,Hūn,29.13,15.95,300.24,34,0,6.89,LY,1595534280
110,East London,-33.02,27.91,291.07,47,0,4.02,ZA,1595534286
111,Codajás,-3.84,-62.06,302.68,69,99,1.16,BR,1595534287
112,Bozhou,33.88,115.77,295.68,79,100,1.36,CN,1595534290
113,Pitimbu,-7.47,-34.81,300.15,69,20,6.2,BR,1595534291
114,Tombouctou,20.0,-3.0,312.69,18,69,6.58,ML,1595534292
115,Gamba,-2.65,10.0,295.18,82,74,2.56,GA,1595534059
116,Lagoa,39.05,-27.98,294.3,69,0,1.86,PT,1595534297
117,Russell,32.35,-85.2,307.15,59,20,2.6,US,1595534300
119,Juneau,58.3,-134.42,287.04,87,90,4.1,US,1595534303
120,Leshukonskoye,64.9,45.76,289.23,92,80,2.68,RU,1595534305
121,College,64.86,-147.8,289.15,67,75,1.61,US,1595534306
122,Katsuura,35.13,140.3,295.93,94,100,0.67,JP,1595534054
123,Krasnoborsk,61.56,45.93,288.7,95,100,4.34,RU,1595534311
124,Upernavik,72.79,-56.15,281.17,73,74,4.98,GL,1595534312
125,Almaznyy,48.04,40.05,293.15,40,58,4.0,RU,1595534313
126,Alta Floresta,-9.88,-56.09,307.15,34,40,2.6,BR,1595534314
127,Mumford,5.26,-0.76,296.85,90,81,4.25,GH,1595534315
128,Eenhana,-17.47,16.33,291.15,36,0,2.1,NA,1595534317
129,Cherskiy,68.75,161.3,291.8,63,7,3.69,RU,1595533966
130,Baghdad,33.34,44.4,309.15,20,0,1.5,IQ,1595534184
131,Warrnambool,-38.38,142.48,277.59,85,100,1.34,AU,1595534322
132,Longyearbyen,78.22,15.64,282.15,87,75,2.1,SJ,1595534323
133,Clyde River,70.47,-68.59,282.15,61,75,5.1,CA,1595534325
134,Marawi,8.0,124.29,297.59,91,87,2.24,PH,1595534326
136,Ponta do Sol,32.67,-17.1,293.15,70,0,1.15,PT,1595534329
137,Sitka,57.05,-135.33,286.15,93,75,0.29,US,1595533960
138,Tonantins,-2.87,-67.8,304.0,58,68,1.24,BR,1595534335
139,Ahipara,-35.17,173.17,286.05,75,7,4.88,NZ,1595534337
140,Alofi,-19.06,-169.92,296.15,85,90,4.6,NU,1595534338
141,Coaldale,49.72,-112.62,303.71,30,75,6.7,CA,1595534340
142,Hunterville,-39.93,175.57,283.15,80,6,0.45,NZ,1595534342
143,Chui,-33.7,-53.46,292.45,94,100,2.18,UY,1595534343
144,Ilo,-17.64,-71.34,289.91,73,41,5.1,PE,1595534344
145,Mackenzie,55.3,-123.17,291.15,59,75,4.6,CA,1595534346
146,Pyu,18.48,96.43,297.4,92,83,1.0,MM,1595534347
147,Bagdarin,54.43,113.6,287.8,92,100,2.07,RU,1595534348
148,Verāval,20.9,70.37,301.8,83,100,5.71,IN,1595534349
149,Narsaq,60.92,-46.05,288.15,62,75,3.1,GL,1595534351
150,Le Port,-20.94,55.29,292.15,59,20,7.7,RE,1595534353
151,Saurimo,-9.66,20.39,290.74,30,0,2.28,AO,1595534354
152,Qaanaaq,77.48,-69.36,282.58,51,0,0.62,GL,1595534356
153,Nishihara,26.18,127.76,302.15,88,40,3.1,JP,1595534357
154,Kosonsoy,41.26,71.55,300.15,34,0,2.1,UZ,1595534359
155,Brae,60.4,-1.35,287.15,82,75,5.7,GB,1595534074
156,Norman Wells,65.28,-126.83,289.15,63,75,5.1,CA,1595534362
157,Wenling,28.37,121.36,303.15,51,100,1.83,CN,1595534363
158,Gambēla,8.25,34.58,293.65,92,100,1.31,ET,1595534364
159,Jizan,17.33,42.67,307.15,59,35,1.5,SA,1595534365
160,Antalaha,-14.9,50.28,293.05,77,42,5.64,MG,1595534367
161,Provideniya,64.38,-173.3,282.15,76,90,2.0,RU,1595534368
162,Saint Paul Harbor,57.79,-152.41,287.15,71,1,0.64,US,1595533755
163,Macará,-4.38,-79.95,303.92,35,12,4.01,EC,1595534370
164,Tadine,-21.55,167.88,294.08,80,75,7.06,NC,1595534372
165,Rome,43.21,-75.46,300.37,74,40,3.6,US,1595533970
166,San Cristobal,7.77,-72.22,304.15,43,75,7.7,VE,1595534375
167,Lompoc,34.64,-120.46,292.15,68,0,2.6,US,1595534376
168,Kakching,24.48,93.98,294.72,95,100,0.48,IN,1595534378
169,Raduzhny,62.1,77.47,285.43,71,63,4.12,RU,1595534379
170,Khatanga,71.97,102.5,279.03,88,100,7.37,RU,1595534382
171,Umm Hājar,13.3,19.7,301.61,59,44,4.27,TD,1595534383
172,Tecpan,14.76,-90.99,287.59,88,52,1.83,GT,1595534384
173,San Miguel de Cozumel,20.51,-86.95,306.15,63,75,4.1,MX,1595534389
174,Waipawa,-41.41,175.52,278.71,80,24,2.1,NZ,1595534390
175,Voyvozh,62.89,54.96,289.84,55,40,4.0,RU,1595534391
176,Temir,49.14,57.13,294.45,61,1,2.88,KZ,1595534393
177,Santa Rosa,14.31,121.11,304.26,88,92,2.6,PH,1595534394
178,Bethel,41.37,-73.41,303.15,66,20,5.7,US,1595533961
180,Torbat-e Jām,35.24,60.62,300.08,29,0,8.46,IR,1595534398
181,Arkadelphia,34.12,-93.05,304.15,74,40,1.5,US,1595534400
182,Anadyr,64.75,177.48,285.15,81,98,2.0,RU,1595534403
183,Inverness,57.48,-4.22,290.37,87,75,0.5,GB,1595534302
184,Vila Velha,-20.33,-40.29,298.71,61,20,4.6,BR,1595534113
185,Arrondissement de Bernay,49.17,0.67,292.04,67,100,0.89,FR,1595534407
186,Mirpur Sakro,24.55,67.63,304.15,66,20,5.1,PK,1595534408
187,Mizdah,31.45,12.98,297.0,41,0,5.59,LY,1595534410
188,Grafton,42.21,-71.69,303.71,62,40,5.7,US,1595534118
189,Vanimo,-2.67,141.3,298.62,82,13,2.28,PG,1595534413
190,Sarangani,5.4,125.46,302.01,73,88,3.94,PH,1595534414
191,Port Elizabeth,-33.92,25.57,285.15,81,0,1.0,ZA,1595534415
192,Leningradskiy,69.38,178.42,281.56,69,50,6.17,RU,1595534416
193,Flin Flon,54.77,-101.86,298.15,69,40,2.6,CA,1595534419
194,Saint George,37.1,-113.58,308.15,20,1,2.6,US,1595534420
195,Smithers,54.78,-127.17,289.15,67,75,1.5,CA,1595534405
196,Baijiantan,45.63,85.18,298.6,35,8,3.0,CN,1595534424
197,Matara,5.95,80.54,298.71,87,96,4.27,LK,1595534425
198,Mahébourg,-20.41,57.7,293.15,68,75,8.2,MU,1595533955
200,Fortuna,40.6,-124.16,290.37,77,40,5.7,US,1595534432
201,Aklavik,68.22,-135.01,288.15,54,40,5.7,CA,1595534433
202,Harper,4.38,-7.72,297.55,86,81,4.42,LR,1595534434
203,Rondonópolis,-16.47,-54.64,308.16,15,0,1.92,BR,1595534436
204,Havre-St-Pierre,50.23,-63.6,296.15,53,1,4.6,CA,1595534437
205,Salalah,17.02,54.09,300.15,88,40,3.1,OM,1595534438
206,Biskamzha,53.45,89.53,284.93,88,79,0.96,RU,1595534439
207,Pampa,35.54,-100.96,307.15,30,75,4.6,US,1595534442
208,Valparaíso,-33.04,-71.63,287.15,54,75,3.1,CL,1595534443
209,Zyryanka,65.75,150.85,296.76,46,95,1.75,RU,1595534444
210,Batī,11.18,40.02,297.47,53,97,1.98,ET,1595534446
211,Puerto del Rosario,28.5,-13.86,296.15,88,20,8.7,ES,1595534447
212,Monrovia,6.3,-10.8,298.03,85,100,5.97,LR,1595534448
213,Bremervörde,53.48,9.13,294.82,72,75,2.1,DE,1595534449
214,Poum,-20.23,164.02,295.19,78,0,6.94,NC,1595534450
215,Grindavik,63.84,-22.43,285.15,66,20,9.8,IS,1595534452
216,Samarai,-10.62,150.67,298.55,85,72,5.37,PG,1595534069
217,Porto-Novo,6.5,2.6,298.15,94,20,5.7,BJ,1595534454
218,Hualmay,-11.1,-77.61,292.03,72,36,5.56,PE,1595534456
219,Bambous Virieux,-20.34,57.76,293.15,68,75,8.2,MU,1595534457
220,Muhos,64.81,25.99,286.15,93,20,3.1,FI,1595534458
221,Mossamedes,-15.2,12.15,292.6,72,0,1.32,AO,1595534460
222,Birjand,32.87,59.22,300.15,18,0,2.1,IR,1595534438
223,Pevek,69.7,170.31,281.87,74,60,4.69,RU,1595534071
224,Buritama,-21.07,-50.15,302.99,30,0,2.01,BR,1595534463
225,Iqaluit,63.75,-68.51,283.15,81,75,2.1,CA,1595533983
226,Castro,-24.79,-50.01,293.43,63,0,1.91,BR,1595534078
227,Yerbogachën,61.28,108.01,284.37,93,0,1.99,RU,1595534467
228,Yeniseysk,58.45,92.17,280.6,96,66,1.82,RU,1595534468
229,Yar-Sale,66.83,70.83,282.09,74,80,3.71,RU,1595534469
230,Gemeente Wageningen,51.97,5.67,293.71,72,90,1.0,NL,1595534471
231,Souillac,-20.52,57.52,293.15,68,75,8.2,MU,1595534472
232,Tual,-5.67,132.75,299.16,83,0,8.78,ID,1595534473
233,Ust-Tsilma,65.44,52.15,294.52,58,100,2.52,RU,1595534474
234,Codrington,-38.27,141.97,276.37,90,100,4.04,AU,1595534476
235,Estelle,29.85,-90.11,303.71,88,75,5.7,US,1595534477
236,Bogorodskoye,56.55,37.88,282.88,92,0,2.73,RU,1595534478
237,Shelburne,44.08,-80.2,298.15,64,20,4.1,CA,1595534269
239,Tías,28.96,-13.64,297.15,73,20,8.2,ES,1595534482
240,Tessalit,20.2,1.01,309.28,21,43,2.94,ML,1595534486
241,Lima,-12.04,-77.03,291.15,77,75,3.6,PE,1595533668
242,Zabul Province,32.25,67.25,295.49,20,0,4.19,AF,1595534488
243,Geraldton,-28.77,114.6,279.15,93,0,3.6,AU,1595534490
244,Arrondissement de Calais,50.92,1.83,292.04,59,100,2.6,FR,1595534491
245,Beyla,8.68,-8.63,293.96,94,100,2.52,GN,1595534494
246,Novovasylivka,46.83,35.75,292.5,53,50,3.02,UA,1595534495
247,Gao,16.64,1.64,306.6,35,79,10.75,ML,1595534497
248,Hong Kong,22.29,114.16,303.15,83,95,2.9,HK,1595534400
249,Khandyga,62.67,135.6,289.37,73,10,0.42,RU,1595534499
250,Biak,-0.91,122.88,297.34,84,72,3.45,ID,1595534501
251,Riyadh,24.69,46.72,309.15,32,2,1.5,SA,1595534387
252,Mil'kovo,54.72,158.62,285.62,74,29,0.91,RU,1595534503
253,Mustafābād,30.89,73.5,306.19,37,0,2.59,PK,1595534504
254,Rodino,52.5,80.25,287.92,77,13,3.75,RU,1595534505
255,Inhambane,-23.86,35.38,291.35,77,2,5.26,MZ,1595534507
256,Quatre Cocos,-20.21,57.76,293.15,68,75,8.2,MU,1595534508
257,Launceston,-41.45,147.17,274.82,92,79,2.1,AU,1595533920
258,Maniitsoq,65.42,-52.9,281.78,85,100,3.66,GL,1595534510
259,Washington,47.5,-120.5,303.15,29,0,5.36,US,1595534445
260,Nouadhibou,20.93,-17.03,296.15,78,29,8.2,MR,1595534512
261,Qaqortoq,60.72,-46.03,288.15,62,75,3.1,GL,1595534035
262,Arraial do Cabo,-22.97,-42.03,299.15,61,0,6.7,BR,1595534515
263,Fairbanks,64.84,-147.72,289.15,77,40,1.92,US,1595534516
264,Manado,1.49,124.85,297.15,94,20,1.0,ID,1595534517
265,Tiksi,71.69,128.87,287.97,81,98,3.76,RU,1595534519
266,Zhezkazgan,47.8,67.71,297.62,29,0,3.14,KZ,1595534520
267,Srīvardhan,18.03,73.02,300.47,83,100,0.24,IN,1595534525
268,Bilibino,68.05,166.44,294.75,41,0,2.23,RU,1595534050
269,Taubaté,-23.03,-45.56,300.15,28,0,2.6,BR,1595534527
270,Wajir,1.75,40.06,298.21,56,63,8.96,KE,1595534528
271,Ejido,8.55,-71.24,296.48,64,93,2.01,VE,1595534529
272,Tuatapere,-46.13,167.68,277.04,83,80,1.34,NZ,1595534530
273,Canapi,-9.12,-37.6,297.47,57,85,4.95,BR,1595534531
274,Jishou,28.32,109.72,297.34,85,100,0.55,CN,1595534533
275,Swedru,5.54,-0.7,298.15,88,20,6.2,GH,1595534534
276,Kambia,9.12,-12.92,297.88,90,100,2.44,SL,1595534536
277,Port Macquarie,-31.43,152.92,280.37,98,48,1.44,AU,1595534432
278,Mitsamiouli,-11.38,43.28,297.48,60,8,4.14,KM,1595534538
279,Whyalla,-33.03,137.58,276.15,67,59,1.5,AU,1595534540
280,São Filipe,14.9,-24.5,299.08,84,100,3.22,CV,1595534541
281,Natal,-5.79,-35.21,301.15,65,75,8.7,BR,1595534533
282,Kropotkin,45.44,40.58,293.07,48,0,3.43,RU,1595534543
283,Ixtapa,20.7,-105.2,305.37,74,75,3.6,MX,1595534544
284,Katobu,-4.94,122.53,295.03,91,67,1.18,ID,1595534545
285,Mayo,38.89,-76.51,306.48,74,20,3.87,US,1595534546
286,Port Lincoln,-34.73,135.87,284.75,51,0,8.36,AU,1595534548
287,Naze,28.37,129.48,301.15,88,40,3.6,JP,1595534549
288,Karatau,43.17,70.47,298.61,37,84,3.2,KZ,1595534550
289,Gigmoto,13.78,124.39,300.55,78,91,1.35,PH,1595534552
290,Mount Isa,-20.73,139.5,282.15,66,0,4.8,AU,1595534418
291,Guapó,-16.83,-49.53,302.15,26,0,2.6,BR,1595534554
292,Socoltenango,16.22,-92.25,296.45,82,43,1.15,MX,1595534555
293,Łęczyca,52.06,19.2,289.26,84,33,1.59,PL,1595534556
294,Nemuro,43.32,145.57,288.01,98,100,4.49,JP,1595534557
295,Mokobeng,-23.0,27.67,283.86,63,0,3.86,BW,1595534559
296,Durban,-29.86,31.03,292.04,77,0,4.1,ZA,1595534461
297,Buncrana,55.13,-7.45,289.15,77,75,4.1,IE,1595534561
298,Ostrovnoy,68.05,39.51,290.0,84,100,4.41,RU,1595534562
299,San Rafael,-34.62,-68.33,280.16,54,0,3.12,AR,1595534387
300,Mosquera,4.71,-74.23,292.15,52,40,2.6,CO,1595534542
301,El Salvador,13.83,-88.92,305.15,62,40,2.6,SV,1595534566
302,Yining,29.04,114.56,298.84,80,100,0.41,CN,1595534567
303,Udayagiri,20.13,84.38,294.29,96,100,1.4,IN,1595534568
304,Strezhevoy,60.73,77.59,285.15,76,29,3.0,RU,1595534569
305,Padang,-0.95,100.35,298.6,78,100,1.57,ID,1595534570
306,Esim,4.87,-2.24,297.05,87,40,3.73,GH,1595534572
307,Cayenne,4.93,-52.33,301.15,74,20,3.1,GF,1595534573
308,São João da Barra,-21.64,-41.05,300.15,47,0,7.2,BR,1595534565
309,Pallasovka,50.05,46.88,291.73,56,0,4.37,RU,1595534576
310,Morón,-34.65,-58.62,285.37,98,100,1.34,AR,1595534414
311,Janaúba,-15.8,-43.31,300.51,20,0,3.8,BR,1595534578
312,Matane,48.83,-67.52,295.15,64,75,2.6,CA,1595534580
313,Najrān,17.49,44.13,305.15,33,40,7.2,SA,1595534581
314,Tuy Hoa,13.08,109.3,298.1,86,100,2.73,VN,1595534406
315,Milas,37.32,27.78,299.15,57,0,2.1,TR,1595534583
316,Laas,46.62,10.7,290.15,59,75,3.1,IT,1595534066
317,Iglesias,39.31,8.54,303.15,26,0,3.6,IT,1595534585
319,Tigil',57.8,158.67,286.27,78,0,1.56,RU,1595534588
320,Vestmannaeyjar,63.44,-20.27,283.71,87,39,6.89,IS,1595534589
321,Latung,5.5,120.88,301.97,71,100,4.04,PH,1595534590
322,Örnsköldsvik,63.29,18.72,284.15,81,100,8.2,SE,1595534591
323,Camacha,33.08,-16.33,294.15,68,75,7.2,PT,1595534592
324,Valdemārpils,57.37,22.59,288.15,72,0,5.7,LV,1595534593
326,Klenovyy,48.12,39.46,288.79,54,61,2.5,UA,1595534596
327,Broken Hill,-31.95,141.43,279.15,81,9,4.6,AU,1595534597
328,Malbork,54.04,19.03,287.15,67,0,1.5,PL,1595534598
329,Springbok,-29.66,17.89,287.46,32,0,4.71,ZA,1595534599
330,Nouakchott,18.09,-15.98,301.15,74,40,4.6,MR,1595534544
331,Vao,-22.67,167.48,293.82,79,0,8.26,NC,1595534601
332,Talnakh,69.49,88.4,280.15,81,100,10.0,RU,1595534602
333,Coyhaique,-45.58,-72.07,263.15,85,90,0.5,CL,1595534604
334,Gweta,-20.18,25.23,287.38,48,0,6.8,BW,1595534605
335,Kavieng,-2.57,150.8,301.33,74,17,3.15,PG,1595534567
336,Broadstairs,51.36,1.44,292.59,44,64,1.34,GB,1595534607
337,Vila Franca do Campo,37.72,-25.43,294.15,68,40,2.6,PT,1595534608
338,Ushtobe,45.25,77.98,296.34,39,76,3.88,KZ,1595534609
339,Kuah,6.33,99.84,300.15,88,20,1.0,MY,1595534615
340,Kloulklubed,7.04,134.26,298.15,94,75,1.91,PW,1595534616
341,Srandakan,-7.94,110.25,296.74,86,100,3.97,ID,1595534437
342,Buta,2.79,24.73,294.73,93,91,0.96,CD,1595534618
343,Maragogi,-9.01,-35.22,297.19,78,58,4.26,BR,1595534620
344,Laa,8.08,-10.77,295.63,97,100,1.5,SL,1595534621
345,Narasannapeta,18.42,84.05,298.95,83,96,1.9,IN,1595534622
346,Hudson Bay,52.85,-102.38,303.93,57,0,3.55,CA,1595534623
347,Ilulissat,69.22,-51.1,285.15,62,75,1.5,GL,1595534624
348,Nanortalik,60.14,-45.24,281.99,91,100,2.85,GL,1595534625
349,Terekli-Mekteb,44.17,45.87,302.28,31,58,0.32,RU,1595534627
350,Turaif,31.67,38.66,306.15,18,6,3.1,SA,1595534628
351,Panama City,8.99,-79.52,300.15,83,40,5.1,PA,1595534432
352,Charlestown,-32.95,151.67,283.15,95,1,1.36,AU,1595534413
353,Balabac,7.99,117.06,300.7,76,100,3.13,PH,1595534631
354,Kulhudhuffushi,6.62,73.07,300.54,82,100,6.42,MV,1595534632
355,Kirillov,59.86,38.38,284.15,93,20,1.0,RU,1595534633
356,Ozinki,51.18,49.68,292.34,64,0,5.66,RU,1595534055
357,Ufimskiy,56.71,58.05,288.51,72,100,4.12,RU,1595534636
359,Hofn,64.25,-15.21,282.23,78,96,5.44,IS,1595534638
360,Vestmanna,62.16,-7.17,283.15,93,96,2.6,FO,1595534639
361,Beloha,-25.17,45.05,288.82,68,1,5.14,MG,1595534613
362,Isangel,-19.55,169.27,295.15,94,90,5.34,VU,1595534641
363,Guatavita,4.94,-73.83,292.15,52,40,2.6,CO,1595534643
364,Lata,40.16,-8.33,298.15,73,0,0.89,PT,1595534644
365,Kiryat Gat,31.61,34.76,299.82,62,0,0.51,IL,1595534643
366,Broome,42.25,-75.83,297.04,88,90,6.7,US,1595534595
367,Dwārka,22.24,68.97,302.42,80,54,6.48,IN,1595534647
368,Pervomayskoye,43.92,46.71,298.09,43,50,3.67,RU,1595534648
369,Sultānpur,26.27,82.07,301.0,81,80,4.2,IN,1595534649
370,Tarko-Sale,64.92,77.78,282.04,84,71,5.88,RU,1595534651
371,Sistranda,63.73,8.83,283.15,93,75,3.6,NO,1595534652
372,Cap Malheureux,-19.98,57.61,293.15,65,3,5.36,MU,1595534653
373,Yaan,7.38,8.57,296.57,93,100,3.23,NG,1595534654
374,Touros,-5.2,-35.46,301.15,65,75,6.2,BR,1595534655
375,Sinnamary,5.38,-52.95,300.72,79,89,4.35,GF,1595534656
376,Terrace,54.52,-128.6,286.15,87,90,7.7,CA,1595534373
377,Avila,40.58,-5.0,299.82,37,92,0.45,ES,1595534658
378,Ladyzhyn,48.69,29.24,289.82,88,100,1.7,UA,1595534660
379,Cradock,-32.16,25.62,283.24,42,0,0.23,ZA,1595534661
380,Galle,6.04,80.22,299.33,84,100,5.2,LK,1595534644
381,Hobyo,5.35,48.53,298.41,70,100,12.9,SO,1595534663
382,Lorengau,-2.02,147.27,301.09,78,26,4.48,PG,1595534664
383,Ainaži,57.86,24.36,287.62,60,0,5.15,LV,1595534665
384,Sheridan,44.83,-106.92,304.15,23,40,6.2,US,1595534666
385,Buchanan,5.88,-10.05,297.89,86,99,4.98,LR,1595534668
386,Zhangye,38.93,100.45,294.19,54,100,1.24,CN,1595534671
387,Luk Pu,23.17,112.28,303.15,99,16,0.71,CN,1595534672
388,Pangody,65.85,74.49,281.49,80,0,4.81,RU,1595534673
389,Margate,51.38,1.39,292.59,52,59,0.89,GB,1595534675
390,Kitui,-1.37,38.01,290.1,80,46,5.11,KE,1595534676
391,Springfield,37.22,-93.3,306.48,55,75,4.1,US,1595534403
392,‘Āhuimanu,21.44,-157.84,302.04,74,20,3.1,US,1595534681
393,Thanh Hoa,19.8,105.77,299.52,90,50,0.28,VN,1595534682
394,Grand Gaube,-20.01,57.66,293.15,65,4,5.36,MU,1595534683
395,Swan River,52.11,-101.27,302.72,66,10,2.53,CA,1595534684
396,Tabou,4.42,-7.35,297.26,87,64,4.42,CI,1595534685
397,Kedrovyy,56.17,91.82,284.15,87,40,3.0,RU,1595534687
398,Los Llanos de Aridane,28.66,-17.92,296.15,73,20,7.7,ES,1595534599
399,Elizabeth City,36.29,-76.25,309.15,50,1,6.2,US,1595534414
400,Goryachegorsk,55.41,88.92,280.75,93,5,1.81,RU,1595534690
401,Ondangwa,-17.92,15.95,291.15,30,0,2.1,NA,1595534691
402,Gold Coast,-28.0,153.43,288.15,87,90,3.1,AU,1595534595
403,Freeport,40.66,-73.58,304.82,62,1,6.7,US,1595534593
404,Samoded,63.61,40.51,289.11,75,100,1.12,RU,1595534695
405,Sobolevo,54.43,31.9,283.6,88,0,3.08,RU,1595534696
406,Kalmunai,7.42,81.82,299.26,82,21,6.49,LK,1595534697
407,Tilbury,51.46,0.36,294.82,53,39,2.24,GB,1595534698
409,Wellington,-41.29,174.78,278.71,80,2,2.1,NZ,1595534599
410,Agía Galíni,35.1,24.68,300.37,52,0,3.79,GR,1595534702
411,Susuman,62.78,148.17,291.91,49,50,1.12,RU,1595534703
412,Novobirilyussy,56.95,90.67,280.29,94,0,1.77,RU,1595534704
413,Cheyenne,41.14,-104.82,301.48,59,90,7.2,US,1595534448
414,Birao,10.28,22.79,294.86,88,41,1.75,CF,1595534706
415,Merauke,-8.47,140.33,297.47,84,0,5.68,ID,1595534683
416,Nizhniy Odes,63.64,54.86,290.95,54,100,3.67,RU,1595534709
417,Aden,12.78,45.04,304.32,62,0,3.17,YE,1595534621
418,Norwich,52.63,1.3,292.59,77,93,4.1,GB,1595534711
419,Aginskoye,51.1,114.53,289.77,89,51,1.33,RU,1595534712
420,Pouembout,-21.13,164.9,291.4,87,1,2.26,NC,1595534713
421,Benguela,-12.58,13.41,293.49,88,12,1.72,AO,1595534714
422,Chadiza,-14.07,32.44,284.92,77,0,3.49,ZM,1595534715
423,Malanje,-9.54,16.34,292.27,27,0,1.15,AO,1595534717
424,Ocala,29.19,-82.14,297.15,94,40,2.1,US,1595534488
425,Bowen,-20.02,148.23,292.04,87,4,3.1,AU,1595534719
426,Tezu,27.92,96.17,297.51,86,100,1.32,IN,1595534720
427,Saskylakh,71.92,114.08,283.83,93,95,1.94,RU,1595534721
428,Kirakira,-10.45,161.92,299.72,83,79,5.32,SB,1595534722
429,Governador Valadares,-18.85,-41.95,298.11,42,0,2.45,BR,1595534579
430,Kavaratti,10.57,72.64,300.81,82,100,7.2,IN,1595534536
431,Mountain Home,43.13,-115.69,303.15,28,1,3.23,US,1595534648
432,Tura,25.52,90.22,296.52,98,99,2.02,IN,1595534472
433,Arrifes,37.77,-25.7,294.15,68,40,2.6,PT,1595534728
434,Port-Gentil,-0.72,8.78,298.15,83,20,5.69,GA,1595534729
435,Usinsk,65.99,57.53,288.83,75,1,3.01,RU,1595534730
436,Chumikan,54.72,135.31,282.66,92,15,0.86,RU,1595534731
437,Zabid,14.2,43.32,306.85,46,89,4.82,YE,1595534732
438,Agia Marina,37.75,23.53,302.15,30,0,2.1,GR,1595534588
439,Aykhal,66.0,111.5,282.15,93,75,2.0,RU,1595534735
440,Port Blair,11.67,92.75,300.88,73,58,1.47,IN,1595534736
441,Pa Sang,18.53,98.94,299.15,88,75,3.1,TH,1595534737
443,Nabire,-3.37,135.48,297.05,86,19,1.9,ID,1595534739
444,Songjianghe,42.19,127.48,287.09,84,100,1.52,CN,1595534741
445,Labuhan,-6.88,112.21,297.41,82,99,3.53,ID,1595534742
446,Bandarbeyla,9.49,50.81,297.57,81,20,13.88,SO,1595534632
447,Dalkola,25.85,87.85,299.61,89,97,5.56,IN,1595534744
448,Pasni,25.26,63.47,302.01,82,45,6.54,PK,1595534745
449,Vung Tau,10.35,107.08,298.97,85,100,3.84,VN,1595534746
450,Kalakamati,-20.59,27.31,286.15,50,0,4.6,BW,1595534748
451,Bodden Town,19.28,-81.25,302.59,94,75,2.6,KY,1595534749
452,Half Moon Bay,37.46,-122.43,295.93,60,5,6.2,US,1595534750
453,Tukan,53.84,57.46,287.44,98,100,1.61,RU,1595534751
454,Warangal,18.0,79.58,296.71,88,100,3.44,IN,1595534752
455,At-Bashi,41.17,75.81,285.48,55,0,0.21,KG,1595534753
456,Tazovsky,67.47,78.7,279.93,78,0,5.79,RU,1595534754
457,Elko,41.0,-115.5,305.37,10,99,5.36,US,1595534756
458,São João do Piauí,-8.36,-42.25,303.69,34,53,3.56,BR,1595534757
459,Suaita,6.1,-73.44,294.61,81,57,1.46,CO,1595534758
460,Walvis Bay,-22.96,14.51,299.15,14,0,1.5,NA,1595534759
461,Bintulu,3.17,113.03,297.15,94,40,0.39,MY,1595534760
462,Sawākin,19.11,37.33,306.98,46,0,1.28,SD,1595534761
463,Le Pradet,43.11,6.02,303.15,45,88,2.6,FR,1595534765
464,Volot,57.93,30.7,283.8,90,100,2.35,RU,1595534585
465,Shiyan,32.65,110.78,294.26,93,96,0.89,CN,1595534767
466,Bengkulu,-3.8,102.27,297.08,89,100,2.51,ID,1595534769
467,Terenos,-20.44,-54.86,303.15,28,0,2.6,BR,1595534770
468,Severo-Yeniseyskiy,60.37,93.04,279.47,98,97,2.2,RU,1595534771
469,Hailar,49.2,119.7,292.87,56,100,4.11,CN,1595534772
470,Barão de Melgaço,-16.19,-55.97,308.15,21,19,3.6,BR,1595534773
471,Anápolis,-16.33,-48.95,302.15,26,0,2.6,BR,1595534774
472,Kongoussi,13.33,-1.53,305.63,46,73,4.11,BF,1595534766
473,Dakoro,14.51,6.76,298.65,75,59,12.14,NE,1595534777
474,Ngunguru,-35.62,174.5,282.04,3,9,2.24,NZ,1595534778
475,Rawson,-43.3,-65.1,277.96,71,88,5.09,AR,1595534779
476,Mogadishu,2.04,45.34,298.05,73,52,10.48,SO,1595534639
477,Wawa,9.9,4.42,297.37,91,78,0.84,NG,1595534781
478,Dvinskoy Bereznik,62.86,42.71,288.6,94,100,1.14,RU,1595534783
479,Miles City,46.41,-105.84,306.15,27,1,4.6,US,1595534489
480,Atasū,48.68,71.64,295.59,53,100,5.79,KZ,1595534785
481,Acarí,-15.43,-74.62,293.89,51,31,4.69,PE,1595534786
482,Seoni Mālwa,22.45,77.47,299.13,80,31,2.31,IN,1595534787
483,Solnechnyy,50.72,136.63,287.2,92,43,2.53,RU,1595534788
484,Sursk,53.08,45.68,285.97,84,40,2.54,RU,1595534789
485,Shouguang,36.88,118.74,292.41,87,34,1.71,CN,1595534790
486,Hervey Bay,-25.3,152.85,287.59,95,86,1.79,AU,1595534720
487,Shingū,33.73,135.98,297.05,79,100,1.06,JP,1595534793
488,Saint-Junien,45.88,0.9,297.15,36,98,1.5,FR,1595534794
489,Letka,59.6,49.42,287.68,96,100,3.64,RU,1595534795
490,Port Augusta,-32.5,137.77,276.15,75,16,1.5,AU,1595534796
491,Saint Anthony,45.02,-93.22,299.82,50,1,3.1,US,1595534682
492,Calvinia,-31.47,19.78,286.64,33,0,3.17,ZA,1595534799
493,Owerri,5.48,7.03,297.15,94,75,1.63,NG,1595534800
494,Abidjan,5.31,-4.02,298.15,94,20,2.6,CI,1595534630
495,Korla,41.76,86.15,294.62,56,0,4.6,CN,1595534636
496,Ayagoz,47.97,80.44,291.03,38,4,2.87,KZ,1595534803
497,Kropachëvo,55.01,57.99,287.93,97,100,3.88,RU,1595534805
498,Portaria,40.28,23.3,300.37,53,0,1.5,GR,1595534806
499,Ōzu,33.5,132.55,297.59,89,100,3.48,JP,1595534807
500,Darhan,49.49,105.92,287.04,87,52,0.63,MN,1595534808
501,Kapoeta,4.77,33.59,295.91,68,0,1.9,SS,1595534809
502,Kilinochchi,9.4,80.4,299.71,82,100,4.57,LK,1595534810
503,Changtu,42.78,124.1,295.83,52,100,2.81,CN,1595534811
504,Bukama,-9.2,25.85,294.79,32,0,0.88,CD,1595534813
505,Hanzhong,33.07,107.03,295.11,92,100,2.35,CN,1595534814
506,Nantucket,41.28,-70.1,298.15,83,75,6.2,US,1595534697
507,Santa Cruz de La Palma,28.68,-17.76,296.15,73,20,7.7,ES,1595534816
508,Jinxiang,22.86,115.7,301.58,77,99,2.19,CN,1595534817
509,Tomatlán,19.93,-105.25,305.48,55,78,4.66,MX,1595534818
510,Mocuba,-16.84,36.99,289.0,95,83,2.2,MZ,1595534820
511,Adrar,20.5,-10.07,311.65,18,0,2.95,MR,1595534821
512,Kiama,-34.68,150.87,282.04,93,52,2.14,AU,1595534822
513,Amuntai,-2.42,115.25,295.75,99,76,0.64,ID,1595534823
514,Tungor,53.38,142.96,282.12,93,35,1.14,RU,1595534824
515,Noumea,-22.28,166.46,290.15,82,0,1.0,NC,1595534572
516,Korop,51.57,32.96,286.69,71,99,3.21,UA,1595534827
517,Marsh Harbour,26.54,-77.06,302.16,74,59,7.74,BS,1595534714
518,Harrison,30.41,-89.04,303.15,74,20,5.1,US,1595534829
519,Husavik,66.04,-17.34,283.15,66,75,6.7,IS,1595534601
520,Saltillo,25.42,-101.0,304.15,31,40,5.1,MX,1595534822
521,Preobrazheniye,42.9,133.91,290.25,90,100,1.06,RU,1595534833
522,Katete,-0.78,29.75,293.04,72,100,0.74,UG,1595534834
523,Roebourne,-20.78,117.13,293.57,46,0,2.6,AU,1595534835
524,Woodstock,43.13,-80.75,300.37,65,75,4.1,CA,1595534799
525,Ankang,32.68,109.02,293.15,83,100,2.68,CN,1595534838
526,Ville-Marie,47.33,-79.43,298.15,50,1,2.6,CA,1595534839
527,Scarborough,54.28,-0.4,289.82,91,55,0.45,GB,1595534602
528,Petaling Jaya,3.11,101.61,298.15,94,20,1.4,MY,1595534841
529,Karratha,-20.74,116.85,293.39,47,0,2.58,AU,1595534658
530,La Concepción,8.52,-82.62,301.15,78,40,2.1,PA,1595534844
531,Nālūt,30.33,10.85,300.96,16,0,4.97,LY,1595534845
532,Sawtell,-30.38,153.1,287.15,93,90,1.89,AU,1595534846
533,Henties Bay,-22.12,14.28,293.15,43,0,0.89,NA,1595534847
534,Virginia Beach,36.85,-75.98,301.15,78,90,5.1,US,1595534666
535,Sambava,-14.27,50.17,294.22,75,68,8.82,MG,1595534849
536,Ambilobe,-13.2,49.05,292.61,72,24,1.5,MG,1595534850
537,Kendari,-3.94,122.5,295.03,92,86,1.89,ID,1595534852
538,Mounana,-1.41,13.16,297.42,72,90,0.82,GA,1595534853
539,Makaleng,-20.9,27.28,286.15,50,0,4.6,BW,1595534854
540,Mtsamboro,-12.7,45.07,298.15,65,0,6.7,YT,1595534855
541,Kalemie,-5.95,29.19,294.06,58,0,1.38,CD,1595534856
542,Inírida,3.87,-67.92,298.19,92,97,1.48,CO,1595534620
543,Akdepe,42.06,59.38,298.15,64,15,3.1,TM,1595534858
544,Payo,-3.75,103.64,295.16,95,95,1.09,ID,1595534860
545,Turukhansk,65.82,87.98,284.88,72,84,2.59,RU,1595534724
546,Traverse City,44.76,-85.62,299.82,57,20,4.1,US,1595534678
547,Hamilton,39.18,-84.53,304.26,74,75,4.1,US,1595534649
548,Douentza,15.0,-2.95,309.84,30,3,4.3,ML,1595534864
549,South Lake Tahoe,38.93,-119.98,301.15,31,1,4.1,US,1595534829
550,Zhangaözen,43.3,52.8,297.99,39,0,4.26,KZ,1595534776
